<!-- This is a generated file. It is highly recommended that you DO NOT edit this file. --><iq:manifest xmlns:iq="http://www.garmin.com/xml/connectiq" version="3">
    <iq:application entry="noresourcesApp" id="7bc699a754534a4c9796b3c2bc5536d3" launcherIcon="@Drawables.LauncherIcon" minSdkVersion="2.4.0" name="@Strings.AppName" type="datafield" version="1.0.0">
        <iq:products>
            <iq:product id="edge1030"/>
            <iq:product id="edge1030bontrager"/>
            <iq:product id="edge_1000"/>
        </iq:products>
        <iq:permissions>
            <iq:uses-permission id="UserProfile"/>
        </iq:permissions>
        <iq:languages>
            <iq:language>eng</iq:language>
        </iq:languages>
        <iq:barrels/>
    </iq:application>
</iq:manifest>
